{
  "epoch": [
    1,
    2,
    3,
    4,
    5,
    6,
    7,
    8,
    9,
    10,
    11,
    12,
    13,
    14,
    15,
    16,
    17,
    18,
    19,
    20,
    21,
    22,
    23,
    24,
    25,
    26,
    27,
    28,
    29,
    30
  ],
  "loss": [
    96.55953496694565,
    72.43455350399017,
    62.26307433843613,
    63.26744529604912,
    59.70246583223343,
    57.97679477930069,
    51.532839864492416,
    51.51452021300793,
    49.54943996667862,
    48.489155143499374,
    43.67061087489128,
    42.219471126794815,
    42.85631990432739,
    41.50240737199783,
    41.776565700769424,
    39.27688221633434,
    35.966003969311714,
    36.90442577004433,
    35.928424671292305,
    37.539439633488655,
    32.82330798357725,
    35.298676177859306,
    38.205655828118324,
    32.4987221211195,
    32.66218116134405,
    34.45771759003401,
    30.595466949045658,
    33.04398653656244,
    34.86864645779133,
    26.739624492824078
  ],
  "accuracy": [
    0.584731543624161,
    0.7021812080536913,
    0.7374161073825504,
    0.7315436241610739,
    0.738255033557047,
    0.7340604026845637,
    0.7785234899328859,
    0.7734899328859061,
    0.7676174496644296,
    0.7793624161073825,
    0.7894295302013423,
    0.8053691275167785,
    0.8003355704697986,
    0.802013422818792,
    0.8129194630872483,
    0.8204697986577181,
    0.825503355704698,
    0.8187919463087249,
    0.8288590604026845,
    0.8389261744966443,
    0.8456375838926175,
    0.8280201342281879,
    0.8137583892617449,
    0.8464765100671141,
    0.834731543624161,
    0.8464765100671141,
    0.8582214765100671,
    0.8565436241610739,
    0.8523489932885906,
    0.8624161073825504
  ],
  "epoch_time": [
    1.7385034561157227,
    1.1337273120880127,
    1.133737325668335,
    1.1317970752716064,
    1.1073720455169678,
    1.135289192199707,
    1.1113595962524414,
    1.1246163845062256,
    1.1097347736358643,
    1.1036057472229004,
    1.1269664764404297,
    1.1305999755859375,
    1.1267492771148682,
    1.1103363037109375,
    1.1010751724243164,
    1.1246955394744873,
    1.1221678256988525,
    1.1146957874298096,
    1.1117546558380127,
    1.1379995346069336,
    1.1233482360839844,
    1.1290831565856934,
    1.1130926609039307,
    1.1280486583709717,
    1.1223692893981934,
    1.1203880310058594,
    1.1195709705352783,
    1.131324291229248,
    1.1150879859924316,
    1.1082680225372314
  ],
  "total_training_time": 34.88402509689331,
  "total_objects": 35760,
  "final_test_accuracy": 0.832089552238806,
  "per_class_iou": [
    0.7547169668921327,
    0.9444444269547329,
    0.7499999889705884,
    0.5714285442176883,
    0.5322580559313217,
    0.6545454426446283
  ],
  "mean_iou": 0.7012322376018486
}